Hashtag,Date,Region,Platform
#AI,2026-09-03,Maharashtra,Instagram
#Cricket,2026-09-05,Gujarat,LinkedIn
  #Cricket  ,2026-09-02,Maharashtra,Twitter
#Fitness,2026-09-05,Karnataka,Instagram
#Startup,2026-09-01,Maharashtra,LinkedIn
#Technology,2026-09-02,Delhi,Twitter
#Cricket,2026-09-03,Delhi,Facebook
#Hollywood,2026-09-04,Tamil Nadu,Twitter
#IPL,2026-09-01,Tamil Nadu,Facebook
#BigData,2026-09-03,Tamil Nadu,Instagram
#AI,2026-09-02,Delhi,Twitter
#Cricket,2026-09-04,Delhi,LinkedIn
#IPL,2026-09-02,Delhi,Facebook
#Startup,2026-09-01,Tamil Nadu,Instagram
#Movies,2026-09-02,Karnataka,LinkedIn
#Olympics,2026-09-05,Maharashtra,Facebook
#Netflix,2026-09-01,Maharashtra,Twitter
#Music,2026-09-03,Gujarat,Instagram
#Bollywood,2026-09-03,Maharashtra,LinkedIn
#Olympics,2026-09-04,Maharashtra,Facebook
#Marketing,2026-09-05,Tamil Nadu,Facebook
#Coding,2026-09-05,Karnataka,Facebook
#Cricket,2026-09-05,Karnataka,Twitter
#Cricket,2026-09-02,Maharashtra,LinkedIn
#IPL,2026-09-04,Tamil Nadu,LinkedIn
#MachineLearning,2026-09-01,Gujarat,Facebook
#Python,2026-09-01,Delhi,LinkedIn
#AI,2026-09-03,Tamil Nadu,Instagram
#Cricket,2026-09-03,Tamil Nadu,Instagram
#Cloud,2026-09-02,Tamil Nadu,Twitter
#Finance,2026-09-01,Gujarat,Facebook
#Fashion,2026-09-03,Maharashtra,Twitter
#Bollywood,2026-09-01,Gujarat,LinkedIn
#Cloud,2026-09-05,Maharashtra,Instagram
#MachineLearning,2026-09-02,Delhi,LinkedIn
#MachineLearning,2026-09-02,Delhi,LinkedIn
#Olympics,2026-09-03,Karnataka,LinkedIn
#Movies,2026-09-01,Delhi,Twitter
#Movies,2026-09-05,Maharashtra,Twitter
#BigData,2026-09-01,Maharashtra,Twitter
#Python,2026-09-01,Tamil Nadu,Instagram
#Finance,2026-09-02,Tamil Nadu,Instagram
#Bollywood,2026-09-05,Karnataka,Instagram
#Fashion,2026-09-04,Maharashtra,Twitter
#Coding,2026-09-03,Karnataka,LinkedIn
#Hollywood,2026-09-01,Gujarat,Twitter
#Python,2026-09-01,Maharashtra,Instagram
#Coding,2026-09-02,Karnataka,Instagram
#Movies,2026-09-01,Karnataka,Twitter
#MachineLearning,2026-09-01,Gujarat,Instagram
#Finance,2026-09-04,Maharashtra,LinkedIn
#Technology,2026-09-04,Gujarat,LinkedIn
#Foodie,2026-09-04,Delhi,LinkedIn
#Hollywood,2026-09-05,Karnataka,Instagram
#Movies,2026-09-01,Tamil Nadu,Twitter
#AI,2026-09-01,Tamil Nadu,LinkedIn
#MachineLearning,2026-09-02,Gujarat,Twitter
#AI,2026-09-05,Gujarat,Instagram
#Bollywood,2026-09-02,Tamil Nadu,Twitter
#Music,2026-09-05,Tamil Nadu,Facebook
#Technology,2026-09-03,Maharashtra,Facebook
#Cinema,2026-09-03,Karnataka,Facebook
#AI,2026-09-01,Karnataka,Twitter
#Movies,2026-09-05,Delhi,Instagram
#AI,2026-09-02,Delhi,Facebook
#MachineLearning,2026-09-03,Tamil Nadu,Twitter
#MachineLearning,2026-09-03,Gujarat,Instagram
#Cricket,2026-09-05,Maharashtra,Facebook
#Movies,2026-09-03,Maharashtra,Facebook
#Movies,2026-09-01,Gujarat,LinkedIn
#AI,2026-09-01,Delhi,Instagram
#Startup,2026-09-02,Karnataka,LinkedIn
#Cricket,2026-09-01,Maharashtra,Twitter
#StockMarket,2026-09-05,Maharashtra,LinkedIn
#Startup,2026-09-03,Gujarat,Facebook
#Movies,2026-09-01,Delhi,LinkedIn
#Marketing,2026-09-02,Maharashtra,Instagram
#Fashion,2026-09-02,Karnataka,Twitter
#Python,2026-09-04,Maharashtra,Facebook
#CyberSecurity,2026-09-01,Karnataka,Twitter
#Movies,2026-09-02,Karnataka,Facebook
#Travel,2026-09-02,Maharashtra,Twitter
#Music,2026-09-03,Delhi,Twitter
#Startup,2026-09-03,Tamil Nadu,LinkedIn
#MachineLearning,2026-09-03,Gujarat,Twitter
#Movies,2026-09-02,Tamil Nadu,Facebook
  #StockMarket  ,2026-09-04,Delhi,Facebook
#Football,2026-09-01,Karnataka,Instagram
#CyberSecurity,2026-09-04,Gujarat,Instagram
#AI,2026-09-03,Tamil Nadu,Facebook
#Cricket,2026-09-03,Tamil Nadu,Facebook
#Python,2026-09-04,Delhi,Instagram
#Cinema,2026-09-04,Maharashtra,Facebook
#AI,2026-09-03,Delhi,Instagram
#Bollywood,2026-09-05,Delhi,LinkedIn
#Cinema,2026-09-02,Tamil Nadu,LinkedIn
#Travel,2026-09-02,Gujarat,Facebook
#Olympics,2026-09-05,Delhi,Twitter
#Marketing,2026-09-02,Delhi,Instagram
#Cricket,2026-09-01,Gujarat,Instagram
#BigData,2026-09-01,Karnataka,LinkedIn
#Bollywood,2026-09-02,Karnataka,LinkedIn
#Cricket,2026-09-01,Gujarat,LinkedIn
#Travel,2026-09-05,Karnataka,Twitter
#Cricket,2026-09-04,Maharashtra,LinkedIn
#Bollywood,2026-09-05,Delhi,LinkedIn
#Fitness,2026-09-05,Karnataka,LinkedIn
#Marketing,2026-09-04,Karnataka,Facebook
#Olympics,2026-09-03,Tamil Nadu,LinkedIn
#Startup,2026-09-04,Gujarat,Facebook
#Python,2026-09-03,Tamil Nadu,Twitter
#Movies,2026-09-04,Maharashtra,Instagram
#Music,2026-09-03,Tamil Nadu,LinkedIn
#Technology,2026-09-04,Karnataka,Twitter
#Cloud,2026-09-05,Karnataka,LinkedIn
#technology,2026-09-03,Karnataka,LinkedIn
#Hollywood,2026-09-05,Tamil Nadu,Instagram
#Startup,2026-09-04,Karnataka,Twitter
#Cinema,2026-09-04,Maharashtra,LinkedIn
#BigData,2026-09-05,Gujarat,LinkedIn
#Cinema,2026-09-01,Gujarat,LinkedIn
#Finance,2026-09-02,Gujarat,Facebook
#Movies,2026-09-04,Delhi,Facebook
#IPL,2026-09-03,Karnataka,Facebook
#Finance,2026-09-01,Tamil Nadu,Twitter
#Python,2026-09-02,Gujarat,Twitter
#Movies,2026-09-02,Gujarat,Instagram
#Finance,2026-09-01,Tamil Nadu,Instagram
#Movies,2026-09-03,Maharashtra,Twitter
#Technology,2026-09-03,Gujarat,Twitter
#Bollywood,2026-09-04,Karnataka,Instagram
#Crypto,2026-09-02,Gujarat,Facebook
#StockMarket,2026-09-01,Tamil Nadu,Twitter
#Coding,2026-09-03,Gujarat,Facebook
#python,2026-09-04,Gujarat,LinkedIn
#Olympics,2026-09-04,Maharashtra,LinkedIn
#Football,2026-09-03,Tamil Nadu,LinkedIn
#Hollywood,2026-09-05,Delhi,Facebook
#Cricket,2026-09-03,Karnataka,Instagram
#Bollywood,2026-09-05,Karnataka,Facebook
  #Python  ,2026-09-02,Karnataka,Instagram
#Movies,2026-09-03,Delhi,Facebook
#Football,2026-09-02,Gujarat,Instagram
#Finance,2026-09-05,Maharashtra,LinkedIn
#Finance,2026-09-04,Gujarat,Twitter
#Music,2026-09-02,Delhi,Facebook
#MachineLearning,2026-09-03,Karnataka,Facebook
#Coding,2026-09-03,Delhi,Facebook
#Fitness,2026-09-02,Delhi,Twitter
#Cloud,2026-09-02,Maharashtra,Instagram
#Startup,2026-09-05,Tamil Nadu,Facebook
#Technology,2026-09-03,Maharashtra,Facebook
#AI,2026-09-05,Maharashtra,Facebook
,2026-09-01,Tamil Nadu,Facebook
#Cricket,2026-09-04,Gujarat,Twitter
#Finance,2026-09-04,Karnataka,Facebook
#AI,2026-09-03,Karnataka,Twitter
#Music,2026-09-04,Gujarat,Twitter
#Fashion,2026-09-05,Delhi,Twitter
#Cricket,2026-09-05,Karnataka,Instagram
#IPL,2026-09-04,Karnataka,Facebook
#Coding,2026-09-03,Tamil Nadu,Twitter
#Hollywood,2026-09-01,Maharashtra,Instagram
#Cricket,2026-09-02,Maharashtra,Instagram
#Technology,2026-09-01,Karnataka,LinkedIn
#Finance,2026-09-03,Gujarat,Instagram
#Startup,2026-09-04,Gujarat,Instagram
#Foodie,2026-09-05,Maharashtra,LinkedIn
#Movies,2026-09-02,Delhi,Instagram
#Technology,2026-09-03,Tamil Nadu,Facebook
#Finance,2026-09-03,Karnataka,Facebook
#Football,2026-09-04,Gujarat,Twitter
#Hollywood,2026-09-03,Tamil Nadu,Facebook
  #Movies  ,2026-09-05,Tamil Nadu,Twitter
#Cinema,2026-09-03,Tamil Nadu,Twitter
#Technology,2026-09-04,Tamil Nadu,LinkedIn
#Technology,2026-09-05,Karnataka,LinkedIn
#Finance,2026-09-03,Karnataka,Facebook
#Cricket,2026-09-02,Delhi,LinkedIn
#Startup,2026-09-04,Tamil Nadu,Twitter
#Python,2026-09-03,Delhi,Twitter
#Music,2026-09-05,Gujarat,LinkedIn
#Technology,2026-09-05,Delhi,LinkedIn
#Cloud,2026-09-01,Maharashtra,Facebook
#Startup,2026-09-04,Karnataka,Twitter
  #BigData  ,2026-09-05,Maharashtra,Instagram
#AI,2026-09-05,Karnataka,Twitter
#Cricket,2026-09-04,Gujarat,Instagram
#Fitness,2026-09-03,Tamil Nadu,Facebook
#Finance,2026-09-04,Maharashtra,LinkedIn
#IPL,2026-09-02,Tamil Nadu,Instagram
#Startup,2026-09-04,Delhi,Facebook
#Startup,2026-09-03,Tamil Nadu,LinkedIn
#Coding,2026-09-05,Karnataka,Facebook
#Cloud,2026-09-05,Karnataka,LinkedIn
#Technology,2026-09-02,Tamil Nadu,LinkedIn
#Netflix,2026-09-04,Gujarat,Facebook
#CyberSecurity,2026-09-04,Karnataka,Instagram
#AI,2026-09-02,Tamil Nadu,Facebook
#Coding,2026-09-01,Tamil Nadu,LinkedIn
#cricket,2026-09-04,Maharashtra,Twitter
#Startup,2026-09-03,Tamil Nadu,LinkedIn
#Python,2026-09-05,Karnataka,Facebook
#Cloud,2026-09-04,Tamil Nadu,Twitter
#Movies,2026-09-03,Maharashtra,Twitter
#Cricket,2026-09-01,Karnataka,Instagram
#AI,2026-09-01,Delhi,Twitter
#IPL,2026-09-04,Maharashtra,Instagram
#Bollywood,2026-09-02,Maharashtra,Instagram
#IPL,2026-09-05,Maharashtra,LinkedIn
#Cricket,2026-09-02,Karnataka,Facebook
#Cinema,2026-09-01,Karnataka,Facebook
#Technology,2026-09-01,Karnataka,Facebook
#Startup,2026-09-04,Delhi,LinkedIn
#Technology,2026-09-04,Karnataka,Twitter
#Bollywood,2026-09-03,Tamil Nadu,Facebook
#Startup,2026-09-01,Karnataka,Facebook
#movies,2026-09-01,Tamil Nadu,LinkedIn
#Startup,2026-09-02,Tamil Nadu,Facebook
#Technology,2026-09-05,Delhi,Instagram
#BigData,2026-09-01,Delhi,LinkedIn
  #IPL  ,2026-09-02,Gujarat,Facebook
#Music,2026-09-02,Maharashtra,Instagram
#IPL,2026-09-05,Tamil Nadu,Facebook
#Movies,2026-09-04,Delhi,Facebook
#Finance,2026-09-01,Maharashtra,Instagram
#Fitness,2026-09-04,Tamil Nadu,Facebook
#Music,2026-09-01,Delhi,Twitter
#Cinema,2026-09-03,Tamil Nadu,LinkedIn
#IPL,2026-09-01,Maharashtra,LinkedIn
  #Bollywood  ,2026-09-03,Tamil Nadu,Instagram
#Olympics,2026-09-04,Delhi,LinkedIn
#AI,2026-09-01,Delhi,LinkedIn
#Movies,2026-09-05,Maharashtra,LinkedIn
#Cinema,2026-09-05,Karnataka,Instagram
#Olympics,2026-09-01,Karnataka,LinkedIn
#Startup,2026-09-01,Delhi,Instagram
#Movies,2026-09-03,Gujarat,Facebook
#Olympics,2026-09-03,Gujarat,LinkedIn
#Cricket,2026-09-04,Gujarat,Instagram
#StockMarket,2026-09-01,Gujarat,Facebook
#Cricket,2026-09-05,Maharashtra,Twitter
#MachineLearning,2026-09-02,Tamil Nadu,Instagram
#Movies,2026-09-03,Maharashtra,Twitter
#Cricket,2026-09-02,Tamil Nadu,Facebook
#Cricket,2026-09-01,Maharashtra,Twitter
#Foodie,2026-09-02,Tamil Nadu,Facebook
#technology,2026-09-01,Maharashtra,LinkedIn
#Marketing,2026-09-01,Karnataka,LinkedIn
#Football,2026-09-05,Gujarat,LinkedIn
#BigData,2026-09-01,Tamil Nadu,Facebook
#AI,2026-09-01,Karnataka,LinkedIn
#Cricket,2026-09-04,Karnataka,Twitter
#Python,2026-09-05,Maharashtra,Twitter
#BigData,2026-09-05,Tamil Nadu,Facebook
#StockMarket,2026-09-05,Delhi,LinkedIn
#Coding,2026-09-01,Gujarat,Instagram
#Movies,2026-09-04,Delhi,LinkedIn
#Hollywood,2026-09-01,Delhi,LinkedIn
#Movies,2026-09-03,Maharashtra,LinkedIn
#Cricket,2026-09-01,Karnataka,Twitter
#IPL,2026-09-02,Tamil Nadu,Twitter
#Bollywood,2026-09-05,Delhi,Twitter
#Cinema,2026-09-04,Gujarat,Facebook
#IPL,2026-09-01,Tamil Nadu,Instagram
#Finance,2026-09-02,Gujarat,Facebook
#IPL,2026-09-01,Delhi,Instagram
#Bollywood,2026-09-05,Tamil Nadu,Twitter
#Cinema,2026-09-03,Gujarat,Instagram
#Cloud,2026-09-03,Delhi,Facebook
#cricket,2026-09-05,Karnataka,Twitter
#Olympics,2026-09-01,Gujarat,Instagram
#Coding,2026-09-03,Maharashtra,Facebook
#Python,2026-09-05,Tamil Nadu,Twitter
#Technology,2026-09-02,Tamil Nadu,Twitter
#Startup,2026-09-04,Karnataka,LinkedIn
#Music,2026-09-03,Maharashtra,Twitter
#Cricket,2026-09-03,Tamil Nadu,LinkedIn
#Startup,2026-09-01,Maharashtra,LinkedIn
#AI,2026-09-01,Maharashtra,Facebook
#Cloud,2026-09-02,Delhi,Facebook
#AI,2026-09-04,Karnataka,Instagram
#MachineLearning,2026-09-02,Tamil Nadu,Facebook
#Hollywood,2026-09-01,Karnataka,Twitter
#AI,2026-09-03,Tamil Nadu,LinkedIn
#CyberSecurity,2026-09-04,Delhi,Twitter
#Python,2026-09-02,Tamil Nadu,LinkedIn
#IPL,2026-09-01,Karnataka,Twitter
#StockMarket,2026-09-04,Tamil Nadu,Twitter
#Python,2026-09-03,Maharashtra,Facebook
#AI,2026-09-05,Gujarat,Instagram
#Python,2026-09-03,Maharashtra,Instagram
#Movies,2026-09-02,Maharashtra,Instagram
#Olympics,2026-09-01,Maharashtra,LinkedIn
#Bollywood,2026-09-05,Karnataka,Facebook
#BigData,2026-09-03,Maharashtra,LinkedIn
#Coding,2026-09-03,Delhi,Twitter
#AI,2026-09-03,Karnataka,LinkedIn
  #IPL  ,2026-09-03,Gujarat,Twitter
#Football,2026-09-04,Karnataka,Twitter
#Fashion,2026-09-05,Maharashtra,Facebook
#Football,2026-09-02,Gujarat,LinkedIn
#Python,2026-09-01,Tamil Nadu,Instagram
  #CyberSecurity  ,2026-09-04,Karnataka,Instagram
#Startup,2026-09-04,Karnataka,Facebook
#AI,2026-09-03,Gujarat,Facebook
#Crypto,2026-09-04,Delhi,Facebook
#Cinema,2026-09-05,Maharashtra,Facebook
#Cinema,2026-09-02,Delhi,Facebook
#CyberSecurity,2026-09-04,Maharashtra,Twitter
#IPL,2026-09-03,Maharashtra,Twitter
#Music,2026-09-05,Delhi,Twitter
#Technology,2026-09-02,Delhi,LinkedIn
#Cricket,2026-09-02,Gujarat,Facebook
#Cricket,2026-09-05,Tamil Nadu,Twitter
#Cloud,2026-09-05,Maharashtra,LinkedIn
#Technology,2026-09-05,Maharashtra,LinkedIn
,2026-09-03,Maharashtra,LinkedIn
#Marketing,2026-09-04,Maharashtra,Instagram
#Fashion,2026-09-04,Maharashtra,Facebook
#Bollywood,2026-09-04,Karnataka,Facebook
#Football,2026-09-05,Karnataka,Instagram
#Travel,2026-09-05,Maharashtra,Facebook
#Finance,2026-09-03,Tamil Nadu,Twitter
#Football,2026-09-01,Delhi,Twitter
#Startup,2026-09-04,Tamil Nadu,Instagram
#Cricket,2026-09-02,Karnataka,Facebook
#Music,2026-09-01,Karnataka,Facebook
#Cricket,2026-09-03,Maharashtra,Twitter
#Cricket,2026-09-03,Maharashtra,Instagram
  #Finance  ,2026-09-02,Karnataka,LinkedIn
#Cricket,2026-09-01,Delhi,Instagram
#MachineLearning,2026-09-05,Tamil Nadu,LinkedIn
#Startup,2026-09-02,Delhi,Twitter
,2026-09-04,Tamil Nadu,LinkedIn
#Football,2026-09-05,Tamil Nadu,Twitter
#Bollywood,2026-09-02,Maharashtra,Facebook
#BigData,2026-09-03,Maharashtra,LinkedIn
#Cinema,2026-09-01,Tamil Nadu,Facebook
#MachineLearning,2026-09-05,Tamil Nadu,Twitter
#Finance,2026-09-01,Karnataka,Facebook
#AI,2026-09-03,Gujarat,Facebook
#Cinema,2026-09-01,Tamil Nadu,Facebook
#IPL,2026-09-05,Delhi,Instagram
#Crypto,2026-09-04,Karnataka,Instagram
#AI,2026-09-04,Gujarat,Facebook
#Foodie,2026-09-02,Gujarat,Facebook
#Football,2026-09-04,Tamil Nadu,LinkedIn
#Marketing,2026-09-02,Delhi,Facebook
#AI,2026-09-03,Delhi,Twitter
#Coding,2026-09-04,Karnataka,LinkedIn
#Technology,2026-09-04,Karnataka,Facebook
#Football,2026-09-03,Gujarat,LinkedIn
#StockMarket,2026-09-02,Tamil Nadu,Facebook
#Cricket,2026-09-03,Delhi,Facebook
#Fitness,2026-09-04,Maharashtra,LinkedIn
#AI,2026-09-03,Tamil Nadu,LinkedIn
#Foodie,2026-09-01,Gujarat,LinkedIn
#Travel,2026-09-02,Gujarat,Instagram
#Crypto,2026-09-04,Gujarat,Instagram
#Netflix,2026-09-03,Delhi,LinkedIn
#AI,2026-09-05,Maharashtra,LinkedIn
#IPL,2026-09-04,Gujarat,Instagram
#Music,2026-09-03,Delhi,Instagram
#AI,2026-09-02,Karnataka,LinkedIn
#Cricket,2026-09-03,Delhi,LinkedIn
#BigData,2026-09-03,Karnataka,Instagram
#AI,2026-09-04,Maharashtra,LinkedIn
#Fashion,2026-09-03,Delhi,Twitter
#Startup,2026-09-03,Maharashtra,Instagram
#Football,2026-09-02,Gujarat,Instagram
#Movies,2026-09-04,Gujarat,Facebook
#IPL,2026-09-04,Tamil Nadu,Instagram
#Cricket,2026-09-01,Delhi,LinkedIn
#Fitness,2026-09-04,Tamil Nadu,LinkedIn
#Bollywood,2026-09-01,Maharashtra,Facebook
#Coding,2026-09-04,Tamil Nadu,Facebook
#Netflix,2026-09-05,Tamil Nadu,Instagram
#Cricket,2026-09-04,Tamil Nadu,Twitter
#Football,2026-09-02,Delhi,Instagram
#CyberSecurity,2026-09-02,Delhi,Facebook
#Movies,2026-09-02,Tamil Nadu,Facebook
#Startup,2026-09-05,Tamil Nadu,Twitter
#Technology,2026-09-05,Tamil Nadu,Instagram
#BigData,2026-09-05,Delhi,Twitter
#AI,2026-09-01,Gujarat,Facebook
#Cloud,2026-09-05,Karnataka,Twitter
#BigData,2026-09-05,Delhi,Facebook
#Fashion,2026-09-04,Delhi,LinkedIn
#AI,2026-09-02,Karnataka,LinkedIn
#Technology,2026-09-03,Tamil Nadu,Instagram
#Fitness,2026-09-03,Delhi,LinkedIn
#IPL,2026-09-05,Tamil Nadu,Twitter
#Finance,2026-09-01,Delhi,LinkedIn
#Cricket,2026-09-01,Delhi,LinkedIn
#Music,2026-09-02,Maharashtra,Facebook
#Fitness,2026-09-03,Maharashtra,Instagram
#Football,2026-09-04,Karnataka,Facebook
#Cricket,2026-09-04,Tamil Nadu,LinkedIn
#Movies,2026-09-05,Delhi,Twitter
#Football,2026-09-05,Karnataka,Facebook
#Cricket,2026-09-04,Maharashtra,Facebook
#Cloud,2026-09-04,Delhi,Twitter
#Bollywood,2026-09-05,Maharashtra,Facebook
#AI,2026-09-04,Tamil Nadu,LinkedIn
#Startup,2026-09-05,Tamil Nadu,Twitter
#Cricket,2026-09-04,Delhi,Facebook
#IPL,2026-09-02,Maharashtra,LinkedIn
#AI,2026-09-01,Maharashtra,Facebook
#Football,2026-09-04,Maharashtra,Instagram
#BigData,2026-09-03,Maharashtra,LinkedIn
#Hollywood,2026-09-03,Tamil Nadu,Facebook
#Football,2026-09-05,Karnataka,Facebook
#AI,2026-09-03,Delhi,Twitter
#StockMarket,2026-09-03,Gujarat,LinkedIn
#Olympics,2026-09-05,Tamil Nadu,Instagram
#StockMarket,2026-09-04,Maharashtra,LinkedIn
#Crypto,2026-09-02,Gujarat,Twitter
#Coding,2026-09-03,Karnataka,Instagram
#Technology,2026-09-04,Tamil Nadu,LinkedIn
#Hollywood,2026-09-01,Maharashtra,Instagram
#Cinema,2026-09-04,Tamil Nadu,LinkedIn
#Technology,2026-09-04,Tamil Nadu,Facebook
#Crypto,2026-09-03,Tamil Nadu,LinkedIn
#Movies,2026-09-03,Tamil Nadu,Facebook
#Startup,2026-09-03,Maharashtra,LinkedIn
#Python,2026-09-05,Delhi,Facebook
#Crypto,2026-09-05,Karnataka,LinkedIn
#Netflix,2026-09-02,Delhi,Twitter
#Fitness,2026-09-01,Delhi,LinkedIn
#Marketing,2026-09-04,Maharashtra,Instagram
#Startup,2026-09-05,Delhi,Instagram
#Hollywood,2026-09-05,Maharashtra,Instagram
#MachineLearning,2026-09-02,Maharashtra,Twitter
#Python,2026-09-04,Gujarat,Instagram
#startup,2026-09-02,Karnataka,LinkedIn
#Technology,2026-09-03,Delhi,Facebook
#Cloud,2026-09-01,Tamil Nadu,Instagram
#Fitness,2026-09-01,Maharashtra,LinkedIn
#Technology,2026-09-01,Karnataka,LinkedIn
#Marketing,2026-09-03,Gujarat,Twitter
#StockMarket,2026-09-01,Delhi,Facebook
#Olympics,2026-09-05,Tamil Nadu,LinkedIn
#Cricket,2026-09-05,Karnataka,Facebook
#Cricket,2026-09-03,Maharashtra,LinkedIn
#Fitness,2026-09-02,Gujarat,Facebook
#Bollywood,2026-09-02,Maharashtra,LinkedIn
#Football,2026-09-03,Gujarat,LinkedIn
#Technology,2026-09-02,Karnataka,Facebook
#AI,2026-09-03,Karnataka,Instagram
#Startup,2026-09-03,Delhi,Twitter
#IPL,2026-09-02,Gujarat,Twitter
#Technology,2026-09-04,Tamil Nadu,Facebook
#Olympics,2026-09-03,Delhi,Instagram
#Cricket,2026-09-04,Maharashtra,LinkedIn
#StockMarket,2026-09-03,Karnataka,LinkedIn
#Travel,2026-09-02,Maharashtra,Twitter
#MachineLearning,2026-09-03,Gujarat,Twitter
#MachineLearning,2026-09-05,Maharashtra,Instagram
#Football,2026-09-04,Gujarat,Instagram
#Finance,2026-09-01,Tamil Nadu,LinkedIn
#Coding,2026-09-02,Tamil Nadu,LinkedIn
#AI,2026-09-05,Karnataka,Facebook
#Music,2026-09-03,Gujarat,Instagram
#AI,2026-09-04,Delhi,Twitter
#AI,2026-09-01,Karnataka,Twitter
#Technology,2026-09-02,Karnataka,Facebook
#IPL,2026-09-04,Karnataka,LinkedIn
#Cinema,2026-09-05,Maharashtra,Facebook
#MachineLearning,2026-09-04,Tamil Nadu,Instagram
#Movies,2026-09-01,Gujarat,Facebook
#Fitness,2026-09-05,Karnataka,LinkedIn
#Movies,2026-09-04,Delhi,Instagram
#Fitness,2026-09-01,Gujarat,LinkedIn
#AI,2026-09-02,Maharashtra,Twitter
#AI,2026-09-04,Tamil Nadu,Twitter
#AI,2026-09-04,Karnataka,Instagram
#Marketing,2026-09-01,Maharashtra,Facebook
#Hollywood,2026-09-05,Delhi,Facebook
#Cricket,2026-09-05,Maharashtra,LinkedIn
#AI,2026-09-05,Tamil Nadu,Instagram
#Coding,2026-09-05,Karnataka,Twitter
#Olympics,2026-09-04,Tamil Nadu,Facebook
#Music,2026-09-02,Delhi,LinkedIn
#MachineLearning,2026-09-04,Maharashtra,Instagram
#CyberSecurity,2026-09-02,Karnataka,Twitter
#Music,2026-09-05,Tamil Nadu,Instagram
#Movies,2026-09-02,Delhi,Twitter
#IPL,2026-09-01,Tamil Nadu,Instagram
#IPL,2026-09-05,Tamil Nadu,Twitter
#Technology,2026-09-05,Tamil Nadu,Instagram
#Python,2026-09-03,Gujarat,Instagram
#Hollywood,2026-09-01,Karnataka,Instagram
#CyberSecurity,2026-09-02,Karnataka,Instagram
#Netflix,2026-09-03,Karnataka,LinkedIn
#IPL,2026-09-03,Delhi,Facebook
#Football,2026-09-04,Gujarat,LinkedIn
#Python,2026-09-02,Delhi,Facebook
#Bollywood,2026-09-02,Maharashtra,Twitter
#StockMarket,2026-09-05,Karnataka,Facebook
#Python,2026-09-02,Karnataka,Instagram
#Olympics,2026-09-03,Delhi,LinkedIn
#Olympics,2026-09-04,Karnataka,Instagram
#IPL,2026-09-02,Maharashtra,LinkedIn
#MachineLearning,2026-09-01,Tamil Nadu,Twitter
#AI,2026-09-01,Gujarat,LinkedIn
#BigData,2026-09-02,Gujarat,Instagram
#startup,2026-09-04,Delhi,Twitter
#Cinema,2026-09-05,Karnataka,LinkedIn
#startup,2026-09-05,Karnataka,Twitter
#movies,2026-09-03,Tamil Nadu,Facebook
#movies,2026-09-04,Maharashtra,Twitter
#MachineLearning,2026-09-02,Maharashtra,Instagram
#Movies,2026-09-03,Delhi,LinkedIn
#Music,2026-09-04,Tamil Nadu,Instagram
#Movies,2026-09-03,Gujarat,Twitter
#IPL,2026-09-04,Tamil Nadu,LinkedIn
#AI,2026-09-02,Gujarat,LinkedIn
#Olympics,2026-09-03,Tamil Nadu,Twitter
#AI,2026-09-02,Maharashtra,LinkedIn
#AI,2026-09-03,Tamil Nadu,Twitter
#Python,2026-09-01,Maharashtra,Instagram
#Fitness,2026-09-04,Gujarat,Facebook
#Movies,2026-09-05,Karnataka,Facebook
#Hollywood,2026-09-02,Gujarat,Facebook
#Coding,2026-09-02,Gujarat,Facebook
#BigData,2026-09-05,Karnataka,Facebook
  #Startup  ,2026-09-04,Karnataka,Instagram
#IPL,2026-09-04,Maharashtra,LinkedIn
#BigData,2026-09-03,Maharashtra,Twitter
#Technology,2026-09-04,Maharashtra,LinkedIn
#Cricket,2026-09-01,Gujarat,Facebook
#Cloud,2026-09-03,Gujarat,Instagram
#Coding,2026-09-04,Tamil Nadu,LinkedIn
#Cricket,2026-09-03,Tamil Nadu,Twitter
#Foodie,2026-09-03,Karnataka,Twitter
#IPL,2026-09-01,Tamil Nadu,Instagram
#Technology,2026-09-04,Maharashtra,Instagram
#Startup,2026-09-04,Maharashtra,Twitter
#Startup,2026-09-04,Delhi,LinkedIn
#IPL,2026-09-03,Maharashtra,LinkedIn
#Technology,2026-09-04,Gujarat,Instagram
#Music,2026-09-03,Tamil Nadu,LinkedIn
#Python,2026-09-04,Delhi,LinkedIn
#Olympics,2026-09-05,Maharashtra,Facebook
#Crypto,2026-09-02,Karnataka,Facebook
#Music,2026-09-03,Delhi,LinkedIn
#Foodie,2026-09-02,Delhi,LinkedIn
#Foodie,2026-09-04,Delhi,Twitter
#Technology,2026-09-05,Tamil Nadu,Instagram
#MachineLearning,2026-09-01,Karnataka,Instagram
#Startup,2026-09-01,Karnataka,LinkedIn
#Startup,2026-09-02,Delhi,Instagram
#Foodie,2026-09-04,Gujarat,LinkedIn
#Finance,2026-09-05,Karnataka,LinkedIn
#Foodie,2026-09-03,Tamil Nadu,Twitter
#Movies,2026-09-03,Maharashtra,Twitter
#Olympics,2026-09-04,Delhi,LinkedIn
#Cricket,2026-09-03,Maharashtra,Instagram
#Music,2026-09-04,Tamil Nadu,Instagram
#AI,2026-09-04,Gujarat,Facebook
#Cricket,2026-09-01,Maharashtra,Facebook
#Coding,2026-09-02,Tamil Nadu,LinkedIn
#Cricket,2026-09-04,Karnataka,Facebook
#AI,2026-09-01,Gujarat,Facebook
#Crypto,2026-09-02,Maharashtra,Instagram
#Python,2026-09-05,Karnataka,LinkedIn
#Music,2026-09-02,Maharashtra,LinkedIn
#Hollywood,2026-09-05,Maharashtra,LinkedIn
#IPL,2026-09-01,Maharashtra,Instagram
#CyberSecurity,2026-09-01,Tamil Nadu,Twitter
#MachineLearning,2026-09-02,Delhi,Facebook
#Cricket,2026-09-03,Karnataka,Facebook
#BigData,2026-09-04,Tamil Nadu,Twitter
#Coding,2026-09-05,Maharashtra,Facebook
#StockMarket,2026-09-01,Maharashtra,Facebook
#Startup,2026-09-01,Maharashtra,Facebook
#Football,2026-09-04,Karnataka,Instagram
#Music,2026-09-02,Karnataka,Instagram
#Finance,2026-09-03,Maharashtra,Instagram
#Coding,2026-09-05,Gujarat,Facebook
#Finance,2026-09-02,Maharashtra,LinkedIn
#Football,2026-09-04,Karnataka,LinkedIn
#Coding,2026-09-04,Maharashtra,Twitter
#Travel,2026-09-02,Delhi,Twitter
#MachineLearning,2026-09-03,Maharashtra,LinkedIn
#Netflix,2026-09-04,Tamil Nadu,Twitter
#Startup,2026-09-05,Delhi,Twitter
#Coding,2026-09-05,Maharashtra,LinkedIn
#Olympics,2026-09-02,Delhi,Twitter
#Python,2026-09-01,Karnataka,Twitter
#Movies,2026-09-02,Tamil Nadu,Facebook
#BigData,2026-09-04,Maharashtra,Instagram
#Art,2026-09-02,Gujarat,Facebook
#StockMarket,2026-09-05,Maharashtra,Facebook
#Startup,2026-09-03,Tamil Nadu,Facebook
#Football,2026-09-01,Maharashtra,LinkedIn
#Startup,2026-09-02,Maharashtra,Instagram
#Python,2026-09-02,Karnataka,LinkedIn
#BigData,2026-09-03,Karnataka,LinkedIn
#Olympics,2026-09-01,Karnataka,Facebook
#IPL,2026-09-04,Karnataka,Facebook
#Netflix,2026-09-01,Karnataka,Facebook
#Travel,2026-09-05,Karnataka,Instagram
#Movies,2026-09-04,Delhi,Facebook
#Python,2026-09-05,Tamil Nadu,Instagram
#Finance,2026-09-03,Gujarat,Twitter
#Foodie,2026-09-04,Gujarat,Twitter
#Technology,2026-09-04,Karnataka,Twitter
#Coding,2026-09-02,Maharashtra,Facebook
#Startup,2026-09-01,Delhi,Facebook
#Cinema,2026-09-02,Gujarat,LinkedIn
#Fitness,2026-09-02,Karnataka,Twitter
#AI,2026-09-02,Karnataka,Twitter
#Movies,2026-09-05,Karnataka,Twitter
#technology,2026-09-01,Karnataka,Instagram
#Movies,2026-09-04,Gujarat,Twitter
#IPL,2026-09-03,Maharashtra,LinkedIn
#Marketing,2026-09-02,Maharashtra,Twitter
#AI,2026-09-05,Maharashtra,LinkedIn
#Movies,2026-09-02,Karnataka,LinkedIn
#Cricket,2026-09-01,Maharashtra,Twitter
#IPL,2026-09-03,Karnataka,Facebook
#Movies,2026-09-03,Gujarat,Instagram
#StockMarket,2026-09-05,Delhi,Twitter
#Cinema,2026-09-03,Maharashtra,Instagram
#Startup,2026-09-01,Maharashtra,LinkedIn
#Movies,2026-09-04,Tamil Nadu,Twitter
#AI,2026-09-03,Delhi,Instagram
#Bollywood,2026-09-04,Delhi,Instagram
#Netflix,2026-09-01,Gujarat,Twitter
#cricket,2026-09-01,Gujarat,LinkedIn
#BigData,2026-09-05,Karnataka,LinkedIn
#Cricket,2026-09-05,Tamil Nadu,Instagram
#Python,2026-09-01,Tamil Nadu,Instagram
#Technology,2026-09-05,Delhi,LinkedIn
#Cloud,2026-09-01,Delhi,LinkedIn
#Movies,2026-09-01,Maharashtra,Twitter
#Cricket,2026-09-04,Tamil Nadu,Twitter
#Hollywood,2026-09-02,Gujarat,Twitter
#CyberSecurity,2026-09-01,Maharashtra,LinkedIn
#Football,2026-09-05,Delhi,Instagram
#Marketing,2026-09-03,Gujarat,Twitter
#Coding,2026-09-03,Tamil Nadu,Twitter
#Bollywood,2026-09-01,Karnataka,LinkedIn
#AI,2026-09-04,Tamil Nadu,Instagram
#Movies,2026-09-01,Tamil Nadu,Twitter
#Football,2026-09-01,Gujarat,Twitter
#Finance,2026-09-03,Karnataka,Instagram
#AI,2026-09-05,Karnataka,Instagram
#Music,2026-09-03,Delhi,Twitter
#Cricket,2026-09-05,Gujarat,Instagram
#Football,2026-09-01,Karnataka,Twitter
#Startup,2026-09-03,Delhi,Twitter
#AI,2026-09-03,Maharashtra,Facebook
#Startup,2026-09-05,Maharashtra,LinkedIn
#Football,2026-09-02,Tamil Nadu,Instagram
#Music,2026-09-01,Maharashtra,Facebook
#Crypto,2026-09-01,Delhi,Twitter
#IPL,2026-09-03,Gujarat,Instagram
#Movies,2026-09-04,Karnataka,Twitter
#Cricket,2026-09-03,Gujarat,Twitter
#Football,2026-09-04,Delhi,LinkedIn
#Cricket,2026-09-05,Gujarat,Instagram
#Music,2026-09-01,Tamil Nadu,Twitter
#Cricket,2026-09-02,Delhi,Facebook
#Travel,2026-09-04,Delhi,Facebook
#Movies,2026-09-01,Maharashtra,Instagram
#StockMarket,2026-09-01,Maharashtra,Twitter
#Finance,2026-09-03,Karnataka,Twitter
#Netflix,2026-09-02,Karnataka,Facebook
#Cricket,2026-09-01,Maharashtra,Facebook
#CyberSecurity,2026-09-05,Gujarat,Instagram
#Python,2026-09-02,Gujarat,Instagram
#Music,2026-09-05,Gujarat,Facebook
#Technology,2026-09-01,Karnataka,LinkedIn
#MachineLearning,2026-09-02,Gujarat,LinkedIn
#Travel,2026-09-02,Gujarat,Twitter
#Netflix,2026-09-02,Maharashtra,Instagram
#IPL,2026-09-01,Tamil Nadu,Facebook
#AI,2026-09-01,Gujarat,Instagram
#Coding,2026-09-02,Gujarat,Facebook
#Finance,2026-09-01,Maharashtra,LinkedIn
#Music,2026-09-04,Gujarat,LinkedIn
#Technology,2026-09-03,Maharashtra,Instagram
#Coding,2026-09-02,Gujarat,Instagram
#Football,2026-09-04,Tamil Nadu,LinkedIn
#Startup,2026-09-04,Maharashtra,LinkedIn
#Travel,2026-09-05,Maharashtra,Twitter
#Foodie,2026-09-03,Karnataka,LinkedIn
#Bollywood,2026-09-05,Delhi,LinkedIn
#AI,2026-09-03,Tamil Nadu,Instagram
  #Fashion  ,2026-09-03,Gujarat,LinkedIn
#Cloud,2026-09-05,Maharashtra,Instagram
#Cinema,2026-09-02,Delhi,Twitter
#Movies,2026-09-05,Karnataka,Facebook
#Technology,2026-09-02,Maharashtra,Facebook
#CyberSecurity,2026-09-03,Tamil Nadu,Twitter
#IPL,2026-09-05,Tamil Nadu,Instagram
#Technology,2026-09-04,Tamil Nadu,Facebook
#AI,2026-09-01,Gujarat,Instagram
#AI,2026-09-05,Karnataka,Twitter
#BigData,2026-09-02,Maharashtra,Facebook
#Travel,2026-09-03,Gujarat,Twitter
#CyberSecurity,2026-09-02,Gujarat,Facebook
#IPL,2026-09-04,Tamil Nadu,Twitter
#Python,2026-09-02,Maharashtra,LinkedIn
#Finance,2026-09-03,Maharashtra,Facebook
#StockMarket,2026-09-02,Karnataka,Facebook
#Startup,2026-09-02,Maharashtra,Twitter
#Bollywood,2026-09-04,Tamil Nadu,Twitter
#Python,2026-09-05,Maharashtra,Twitter
#Cricket,2026-09-03,Gujarat,Instagram
#Python,2026-09-02,Gujarat,Facebook
#Startup,2026-09-02,Maharashtra,Twitter
#Foodie,2026-09-01,Gujarat,Twitter
#Hollywood,2026-09-04,Maharashtra,LinkedIn
#IPL,2026-09-03,Tamil Nadu,LinkedIn
#Finance,2026-09-05,Maharashtra,Instagram
#Travel,2026-09-01,Delhi,Twitter
#Cricket,2026-09-01,Delhi,Instagram
#Technology,2026-09-01,Tamil Nadu,Twitter
#BigData,2026-09-04,Gujarat,LinkedIn
#Technology,2026-09-05,Karnataka,Instagram
#Python,2026-09-02,Maharashtra,LinkedIn
#Fitness,2026-09-05,Delhi,Facebook
#Cricket,2026-09-01,Karnataka,LinkedIn
#IPL,2026-09-01,Karnataka,Twitter
#Cinema,2026-09-05,Karnataka,Instagram
#Technology,2026-09-02,Delhi,Twitter
#Cricket,2026-09-03,Karnataka,LinkedIn
#Cinema,2026-09-03,Gujarat,LinkedIn
#IPL,2026-09-03,Maharashtra,LinkedIn
,2026-09-04,Karnataka,Facebook
#Startup,2026-09-05,Gujarat,Instagram
#Cinema,2026-09-01,Gujarat,Facebook
#Music,2026-09-05,Maharashtra,Twitter
#Art,2026-09-05,Karnataka,LinkedIn
#Movies,2026-09-04,Delhi,Twitter
#Fitness,2026-09-01,Tamil Nadu,Instagram
#Marketing,2026-09-04,Maharashtra,Instagram
#Fashion,2026-09-02,Maharashtra,Twitter
#Crypto,2026-09-04,Maharashtra,Instagram
#Movies,2026-09-03,Gujarat,Twitter
#Music,2026-09-05,Delhi,Facebook
#AI,2026-09-05,Tamil Nadu,LinkedIn
#Technology,2026-09-02,Tamil Nadu,Twitter
#Bollywood,2026-09-01,Delhi,Facebook
#Startup,2026-09-04,Karnataka,LinkedIn
  #Startup  ,2026-09-04,Maharashtra,LinkedIn
  #Python  ,2026-09-02,Gujarat,LinkedIn
#IPL,2026-09-01,Delhi,Facebook
#Finance,2026-09-01,Maharashtra,Instagram
#Marketing,2026-09-04,Delhi,Facebook
#StockMarket,2026-09-01,Maharashtra,LinkedIn
#Music,2026-09-04,Tamil Nadu,Facebook
#Football,2026-09-02,Gujarat,Facebook
#Music,2026-09-02,Tamil Nadu,Twitter
#Technology,2026-09-01,Maharashtra,Twitter
#IPL,2026-09-02,Delhi,Facebook
#Football,2026-09-04,Gujarat,Twitter
#Finance,2026-09-05,Karnataka,Instagram
#Finance,2026-09-05,Tamil Nadu,Facebook
#Movies,2026-09-01,Delhi,Twitter
#Technology,2026-09-05,Maharashtra,Instagram
#Crypto,2026-09-02,Delhi,LinkedIn
#Netflix,2026-09-01,Karnataka,Instagram
#StockMarket,2026-09-01,Maharashtra,Facebook
#Startup,2026-09-03,Karnataka,LinkedIn
#Coding,2026-09-03,Maharashtra,LinkedIn
#Football,2026-09-05,Karnataka,Twitter
#movies,2026-09-03,Tamil Nadu,Facebook
#Cricket,2026-09-04,Gujarat,Facebook
#Olympics,2026-09-03,Delhi,Facebook
#Olympics,2026-09-03,Maharashtra,Instagram
#Movies,2026-09-01,Tamil Nadu,LinkedIn
#Crypto,2026-09-02,Gujarat,LinkedIn
#Movies,2026-09-04,Karnataka,LinkedIn
#StockMarket,2026-09-05,Maharashtra,Facebook
#Movies,2026-09-05,Karnataka,Facebook
#Technology,2026-09-05,Maharashtra,Facebook
#Cricket,2026-09-03,Tamil Nadu,Instagram
#Python,2026-09-01,Maharashtra,Facebook
#Startup,2026-09-04,Delhi,Facebook
#Startup,2026-09-04,Gujarat,LinkedIn
#Olympics,2026-09-05,Tamil Nadu,Twitter
#Technology,2026-09-05,Gujarat,LinkedIn
#Music,2026-09-01,Maharashtra,Instagram
#Python,2026-09-04,Tamil Nadu,LinkedIn
#Fitness,2026-09-02,Gujarat,LinkedIn
#Technology,2026-09-03,Gujarat,Twitter
#Movies,2026-09-02,Tamil Nadu,Instagram
#Cloud,2026-09-01,Maharashtra,LinkedIn
#Music,2026-09-04,Karnataka,LinkedIn
#startup,2026-09-02,Delhi,Twitter
#Marketing,2026-09-05,Maharashtra,Twitter
#BigData,2026-09-02,Maharashtra,Facebook
#Cricket,2026-09-04,Tamil Nadu,Facebook
#AI,2026-09-03,Delhi,LinkedIn
#StockMarket,2026-09-05,Delhi,LinkedIn
#Cricket,2026-09-03,Karnataka,Facebook
#Technology,2026-09-04,Gujarat,Instagram
#Cricket,2026-09-02,Gujarat,Instagram
#Fitness,2026-09-01,Karnataka,Facebook
#BigData,2026-09-01,Tamil Nadu,Twitter
#Olympics,2026-09-01,Gujarat,Twitter
#IPL,2026-09-01,Tamil Nadu,Facebook
#Technology,2026-09-02,Gujarat,Facebook
#Cricket,2026-09-05,Delhi,Instagram
#Cricket,2026-09-05,Tamil Nadu,Twitter
#Foodie,2026-09-01,Karnataka,Instagram
#Netflix,2026-09-03,Tamil Nadu,Instagram
#Music,2026-09-03,Maharashtra,Twitter
#Movies,2026-09-04,Delhi,Instagram
#movies,2026-09-01,Gujarat,LinkedIn
#Cricket,2026-09-05,Gujarat,Twitter
#Olympics,2026-09-02,Karnataka,Facebook
#AI,2026-09-01,Maharashtra,Twitter
#IPL,2026-09-03,Karnataka,Twitter
#Cloud,2026-09-01,Gujarat,Instagram
#Technology,2026-09-03,Delhi,LinkedIn
#Startup,2026-09-01,Delhi,Facebook
#Music,2026-09-04,Karnataka,Facebook
#Crypto,2026-09-04,Karnataka,Instagram
#CyberSecurity,2026-09-01,Maharashtra,Twitter
#StockMarket,2026-09-04,Tamil Nadu,LinkedIn
#IPL,2026-09-03,Tamil Nadu,Twitter
#Hollywood,2026-09-02,Karnataka,LinkedIn
#Music,2026-09-04,Gujarat,Twitter
#Python,2026-09-01,Tamil Nadu,Instagram
#Cinema,2026-09-03,Tamil Nadu,Twitter
#Hollywood,2026-09-02,Karnataka,Facebook
#Olympics,2026-09-04,Maharashtra,Twitter
#cricket,2026-09-05,Karnataka,LinkedIn
#AI,2026-09-04,Delhi,Instagram
#Startup,2026-09-01,Tamil Nadu,Instagram
#IPL,2026-09-04,Maharashtra,Twitter
#Travel,2026-09-05,Karnataka,Twitter
#Coding,2026-09-03,Gujarat,LinkedIn
#AI,2026-09-01,Karnataka,LinkedIn
  #MachineLearning  ,2026-09-01,Gujarat,Facebook
#Bollywood,2026-09-02,Karnataka,Facebook
#AI,2026-09-02,Karnataka,Facebook
#BigData,2026-09-05,Karnataka,Facebook
#Cricket,2026-09-01,Maharashtra,Twitter
#Olympics,2026-09-03,Tamil Nadu,Facebook
#AI,2026-09-02,Karnataka,Instagram
#Marketing,2026-09-04,Gujarat,Facebook
#Technology,2026-09-01,Karnataka,Instagram
#Foodie,2026-09-02,Delhi,Twitter
#AI,2026-09-05,Gujarat,LinkedIn
#StockMarket,2026-09-05,Maharashtra,LinkedIn
#movies,2026-09-01,Tamil Nadu,LinkedIn
#Finance,2026-09-05,Maharashtra,Instagram
#Cricket,2026-09-01,Karnataka,Facebook
#IPL,2026-09-04,Tamil Nadu,Instagram
#Python,2026-09-03,Karnataka,Instagram
#StockMarket,2026-09-05,Delhi,Facebook
#MachineLearning,2026-09-02,Maharashtra,Instagram
#Startup,2026-09-03,Maharashtra,Instagram
#Crypto,2026-09-03,Gujarat,Facebook
#StockMarket,2026-09-05,Karnataka,Facebook
#Music,2026-09-01,Tamil Nadu,Twitter
  #Cricket  ,2026-09-01,Gujarat,Instagram
#Foodie,2026-09-02,Delhi,Facebook
#AI,2026-09-03,Maharashtra,Twitter
#Coding,2026-09-01,Tamil Nadu,Instagram
#Bollywood,2026-09-04,Maharashtra,Facebook
#AI,2026-09-04,Karnataka,LinkedIn
#Crypto,2026-09-03,Tamil Nadu,Twitter
#technology,2026-09-02,Tamil Nadu,LinkedIn
#Olympics,2026-09-03,Tamil Nadu,Instagram
#Technology,2026-09-03,Karnataka,Instagram
#AI,2026-09-02,Maharashtra,Twitter
#Coding,2026-09-03,Tamil Nadu,Facebook
#StockMarket,2026-09-03,Gujarat,Facebook
#Technology,2026-09-01,Maharashtra,Facebook
#Netflix,2026-09-05,Delhi,LinkedIn
#MachineLearning,2026-09-03,Gujarat,Facebook
#Technology,2026-09-05,Gujarat,Instagram
#MachineLearning,2026-09-04,Gujarat,Facebook
#Movies,2026-09-03,Delhi,Facebook
#Marketing,2026-09-05,Tamil Nadu,LinkedIn
#Marketing,2026-09-01,Gujarat,Facebook
#Olympics,2026-09-05,Tamil Nadu,Instagram
#Crypto,2026-09-03,Karnataka,Twitter
#MachineLearning,2026-09-03,Gujarat,Facebook
#Football,2026-09-04,Karnataka,Twitter
#Olympics,2026-09-02,Delhi,Twitter
#Technology,2026-09-05,Tamil Nadu,Twitter
#Movies,2026-09-02,Karnataka,Twitter
#CyberSecurity,2026-09-04,Gujarat,Instagram
  #Fitness  ,2026-09-03,Gujarat,Twitter
#Technology,2026-09-03,Tamil Nadu,Twitter
#Movies,2026-09-03,Karnataka,LinkedIn
#Music,2026-09-04,Delhi,Twitter
#Cricket,2026-09-05,Gujarat,Twitter
#StockMarket,2026-09-01,Gujarat,Facebook
#Cricket,2026-09-03,Delhi,Twitter
#Coding,2026-09-04,Karnataka,Twitter
#MachineLearning,2026-09-02,Maharashtra,LinkedIn
#MachineLearning,2026-09-03,Maharashtra,Facebook
#Travel,2026-09-03,Gujarat,Instagram
#AI,2026-09-05,Tamil Nadu,LinkedIn
#Cricket,2026-09-03,Maharashtra,Facebook
#Olympics,2026-09-05,Maharashtra,Instagram
#BigData,2026-09-03,Maharashtra,Twitter
#Travel,2026-09-05,Gujarat,LinkedIn
#AI,2026-09-03,Gujarat,Facebook
#Fitness,2026-09-05,Karnataka,Facebook
#Cinema,2026-09-02,Gujarat,Facebook
#Technology,2026-09-03,Karnataka,LinkedIn
#Cinema,2026-09-03,Tamil Nadu,Instagram
#IPL,2026-09-03,Karnataka,Instagram
#cricket,2026-09-02,Karnataka,Facebook
#Cricket,2026-09-03,Karnataka,LinkedIn
#Netflix,2026-09-03,Karnataka,Twitter
#StockMarket,2026-09-01,Delhi,Instagram
#Technology,2026-09-03,Gujarat,Twitter
#Football,2026-09-01,Tamil Nadu,LinkedIn
#Movies,2026-09-01,Tamil Nadu,Facebook
#MachineLearning,2026-09-04,Maharashtra,Facebook
#Netflix,2026-09-05,Delhi,Instagram
#Football,2026-09-01,Karnataka,Facebook
#Cinema,2026-09-02,Tamil Nadu,Instagram
#Cricket,2026-09-04,Maharashtra,Instagram
#Bollywood,2026-09-02,Karnataka,Facebook
,2026-09-04,Maharashtra,Twitter
#Movies,2026-09-01,Maharashtra,Facebook
#Coding,2026-09-01,Gujarat,Facebook
#Football,2026-09-03,Delhi,Instagram
#IPL,2026-09-03,Tamil Nadu,Twitter
#IPL,2026-09-02,Tamil Nadu,LinkedIn
#Python,2026-09-04,Karnataka,Twitter
#Cricket,2026-09-04,Maharashtra,Instagram
#Olympics,2026-09-03,Maharashtra,Instagram
#IPL,2026-09-05,Gujarat,Instagram
#Python,2026-09-01,Karnataka,LinkedIn
#StockMarket,2026-09-02,Karnataka,Twitter
#Cricket,2026-09-05,Tamil Nadu,Instagram
#Football,2026-09-01,Tamil Nadu,Instagram
#Movies,2026-09-02,Tamil Nadu,LinkedIn
#Bollywood,2026-09-01,Delhi,Twitter
#StockMarket,2026-09-04,Karnataka,Instagram
#Music,2026-09-05,Maharashtra,Instagram
#Football,2026-09-03,Maharashtra,Facebook
#StockMarket,2026-09-05,Gujarat,Instagram
#Cricket,2026-09-01,Gujarat,Instagram
#Football,2026-09-04,Maharashtra,Twitter
#BigData,2026-09-05,Gujarat,Twitter
#Cinema,2026-09-02,Tamil Nadu,Twitter
#Netflix,2026-09-04,Tamil Nadu,LinkedIn
#AI,2026-09-05,Karnataka,Instagram
#Finance,2026-09-04,Delhi,Twitter
#Movies,2026-09-04,Maharashtra,Twitter
#MachineLearning,2026-09-04,Delhi,Instagram
#movies,2026-09-01,Tamil Nadu,Twitter
#IPL,2026-09-02,Delhi,LinkedIn
#Technology,2026-09-04,Tamil Nadu,Facebook
#MachineLearning,2026-09-04,Tamil Nadu,Facebook
#Crypto,2026-09-04,Maharashtra,LinkedIn
#Bollywood,2026-09-04,Maharashtra,Facebook
#Finance,2026-09-03,Delhi,Facebook
#Music,2026-09-02,Gujarat,Instagram
#CyberSecurity,2026-09-02,Gujarat,Instagram
#Foodie,2026-09-03,Tamil Nadu,Twitter
#Olympics,2026-09-01,Gujarat,Instagram
#StockMarket,2026-09-04,Gujarat,Twitter
#IPL,2026-09-01,Tamil Nadu,Twitter
#Music,2026-09-05,Tamil Nadu,Facebook
#StockMarket,2026-09-01,Maharashtra,LinkedIn
#Technology,2026-09-05,Delhi,Instagram
  #StockMarket  ,2026-09-05,Tamil Nadu,Instagram
#Cinema,2026-09-01,Delhi,Instagram
#Technology,2026-09-01,Delhi,LinkedIn
#Music,2026-09-04,Tamil Nadu,Instagram
#Hollywood,2026-09-01,Gujarat,Facebook
#Bollywood,2026-09-05,Delhi,Facebook
#Startup,2026-09-02,Tamil Nadu,Instagram
#Music,2026-09-05,Gujarat,Facebook
#Football,2026-09-01,Tamil Nadu,Twitter
#Python,2026-09-01,Tamil Nadu,Facebook
#Art,2026-09-05,Delhi,LinkedIn
#Bollywood,2026-09-04,Maharashtra,Facebook
#Coding,2026-09-04,Tamil Nadu,Twitter
#Movies,2026-09-01,Karnataka,Instagram
#Movies,2026-09-03,Karnataka,Facebook
#AI,2026-09-03,Maharashtra,Facebook
#Cinema,2026-09-03,Gujarat,Instagram
#IPL,2026-09-02,Tamil Nadu,Facebook
#Marketing,2026-09-02,Karnataka,Instagram
#Movies,2026-09-03,Maharashtra,Instagram
#Movies,2026-09-05,Delhi,Instagram
#Cricket,2026-09-01,Karnataka,Twitter
#MachineLearning,2026-09-01,Karnataka,Facebook
#Football,2026-09-05,Delhi,LinkedIn
#Cloud,2026-09-05,Delhi,LinkedIn
#Bollywood,2026-09-02,Gujarat,LinkedIn
#MachineLearning,2026-09-01,Tamil Nadu,Facebook
#Crypto,2026-09-02,Karnataka,Twitter
#Coding,2026-09-03,Gujarat,Twitter
#IPL,2026-09-05,Gujarat,Facebook
#Movies,2026-09-02,Tamil Nadu,Facebook
#Finance,2026-09-05,Delhi,Facebook
#Music,2026-09-02,Karnataka,Facebook
#Music,2026-09-03,Karnataka,Instagram
#Bollywood,2026-09-02,Gujarat,Facebook
#Bollywood,2026-09-04,Karnataka,Instagram
#Hollywood,2026-09-02,Karnataka,Twitter
#Football,2026-09-02,Tamil Nadu,Facebook
#Startup,2026-09-03,Tamil Nadu,Twitter
#Crypto,2026-09-02,Gujarat,Instagram
#Finance,2026-09-01,Karnataka,Facebook
#IPL,2026-09-05,Tamil Nadu,Facebook
#Music,2026-09-01,Delhi,Instagram
#Olympics,2026-09-05,Maharashtra,Facebook
#Cinema,2026-09-05,Karnataka,LinkedIn
#IPL,2026-09-05,Delhi,LinkedIn
#Cricket,2026-09-02,Delhi,LinkedIn
#Bollywood,2026-09-04,Gujarat,Twitter
#Movies,2026-09-03,Delhi,Facebook
#StockMarket,2026-09-04,Delhi,LinkedIn
#IPL,2026-09-05,Tamil Nadu,LinkedIn
#Technology,2026-09-01,Maharashtra,Instagram
#Marketing,2026-09-01,Maharashtra,Instagram
#Cricket,2026-09-01,Karnataka,Twitter
  #Music  ,2026-09-05,Gujarat,Twitter
#Technology,2026-09-01,Karnataka,Facebook
#Hollywood,2026-09-03,Karnataka,Instagram
#Technology,2026-09-01,Gujarat,Facebook
#Python,2026-09-04,Karnataka,Facebook
#Cricket,2026-09-05,Maharashtra,LinkedIn
#Olympics,2026-09-05,Karnataka,Facebook
#Finance,2026-09-05,Maharashtra,Twitter
#IPL,2026-09-04,Delhi,Instagram
#AI,2026-09-05,Maharashtra,Facebook
#MachineLearning,2026-09-01,Karnataka,LinkedIn
#Cloud,2026-09-04,Delhi,Instagram
#MachineLearning,2026-09-03,Maharashtra,LinkedIn
#Coding,2026-09-04,Maharashtra,Instagram
#Olympics,2026-09-04,Karnataka,Instagram
#Music,2026-09-02,Tamil Nadu,Facebook
#Marketing,2026-09-05,Delhi,LinkedIn
#AI,2026-09-02,Maharashtra,Facebook
#Coding,2026-09-05,Karnataka,Facebook
#Finance,2026-09-02,Delhi,Twitter
#MachineLearning,2026-09-01,Maharashtra,Twitter
#Cricket,2026-09-04,Gujarat,Instagram
#AI,2026-09-04,Maharashtra,Facebook
#Foodie,2026-09-04,Delhi,LinkedIn
#AI,2026-09-03,Gujarat,Instagram
#Netflix,2026-09-04,Gujarat,LinkedIn
#Movies,2026-09-04,Gujarat,Twitter
#Fitness,2026-09-02,Karnataka,LinkedIn
#AI,2026-09-02,Karnataka,Twitter
#Movies,2026-09-04,Karnataka,Facebook
#Technology,2026-09-01,Tamil Nadu,Twitter
#Olympics,2026-09-03,Maharashtra,Facebook
#Cinema,2026-09-02,Gujarat,Instagram
#Python,2026-09-01,Maharashtra,Facebook
#Music,2026-09-02,Gujarat,Twitter
#Crypto,2026-09-04,Tamil Nadu,Instagram
#Cricket,2026-09-02,Maharashtra,LinkedIn
#BigData,2026-09-03,Gujarat,Twitter
#Technology,2026-09-05,Gujarat,Instagram
#Python,2026-09-05,Delhi,LinkedIn
#AI,2026-09-04,Delhi,Instagram
#AI,2026-09-04,Karnataka,Facebook
#Finance,2026-09-02,Tamil Nadu,Instagram
#Python,2026-09-04,Delhi,Instagram
#Technology,2026-09-04,Delhi,Facebook
#Coding,2026-09-01,Tamil Nadu,LinkedIn
#AI,2026-09-05,Delhi,Instagram
#AI,2026-09-05,Karnataka,Instagram
#Football,2026-09-05,Maharashtra,Facebook
#Olympics,2026-09-03,Gujarat,Twitter
#AI,2026-09-01,Maharashtra,Instagram
#Technology,2026-09-01,Karnataka,Instagram
#Bollywood,2026-09-04,Karnataka,Facebook
,2026-09-02,Tamil Nadu,Twitter
#cricket,2026-09-04,Gujarat,LinkedIn
#AI,2026-09-03,Tamil Nadu,LinkedIn
#Travel,2026-09-01,Tamil Nadu,Facebook
#Hollywood,2026-09-01,Delhi,Twitter
#Football,2026-09-01,Gujarat,Instagram
#Technology,2026-09-02,Tamil Nadu,Instagram
#Technology,2026-09-05,Tamil Nadu,LinkedIn
#Cloud,2026-09-05,Delhi,LinkedIn
#Coding,2026-09-01,Maharashtra,Instagram
#Football,2026-09-03,Maharashtra,LinkedIn
#Python,2026-09-05,Delhi,Facebook
#Olympics,2026-09-04,Delhi,Instagram
#Movies,2026-09-04,Tamil Nadu,Facebook
#Coding,2026-09-04,Karnataka,Twitter
#Startup,2026-09-05,Gujarat,Instagram
#Startup,2026-09-01,Delhi,Instagram
#Python,2026-09-01,Delhi,Instagram
#Coding,2026-09-03,Maharashtra,Instagram
#StockMarket,2026-09-02,Maharashtra,Facebook
#Cricket,2026-09-05,Karnataka,Instagram
#Fitness,2026-09-03,Karnataka,Instagram
#Crypto,2026-09-05,Gujarat,Facebook
  #Fashion  ,2026-09-05,Karnataka,Twitter
#Netflix,2026-09-03,Delhi,LinkedIn
#Cricket,2026-09-02,Tamil Nadu,Twitter
#BigData,2026-09-04,Gujarat,Facebook
#Python,2026-09-05,Tamil Nadu,Instagram
#CyberSecurity,2026-09-02,Maharashtra,Twitter
#Music,2026-09-04,Tamil Nadu,Twitter
#Startup,2026-09-04,Maharashtra,Instagram
#Finance,2026-09-05,Gujarat,LinkedIn
#Music,2026-09-05,Karnataka,Instagram
#Finance,2026-09-05,Maharashtra,LinkedIn
#Bollywood,2026-09-02,Tamil Nadu,Instagram
#Startup,2026-09-04,Delhi,Twitter
#Music,2026-09-04,Delhi,Facebook
#Python,2026-09-05,Gujarat,Facebook
#Python,2026-09-05,Karnataka,Instagram
#Art,2026-09-02,Maharashtra,Facebook
#Hollywood,2026-09-01,Gujarat,Twitter
#BigData,2026-09-02,Delhi,Twitter
#Travel,2026-09-01,Delhi,LinkedIn
#Python,2026-09-02,Tamil Nadu,Instagram
#Football,2026-09-03,Tamil Nadu,LinkedIn
#Cricket,2026-09-01,Karnataka,Twitter
#AI,2026-09-03,Maharashtra,Facebook
#Olympics,2026-09-01,Gujarat,LinkedIn
#Cinema,2026-09-03,Gujarat,Twitter
#Olympics,2026-09-04,Maharashtra,LinkedIn
#CyberSecurity,2026-09-01,Delhi,LinkedIn
#MachineLearning,2026-09-01,Maharashtra,Instagram
#Coding,2026-09-05,Gujarat,Twitter
#MachineLearning,2026-09-03,Delhi,LinkedIn
#Technology,2026-09-01,Delhi,Facebook
#Startup,2026-09-02,Tamil Nadu,Facebook
#BigData,2026-09-03,Karnataka,Twitter
#Startup,2026-09-02,Maharashtra,Facebook
#Cinema,2026-09-02,Gujarat,LinkedIn
#Crypto,2026-09-05,Maharashtra,LinkedIn
#Technology,2026-09-04,Delhi,Facebook
#Cricket,2026-09-02,Maharashtra,Instagram
#Python,2026-09-05,Maharashtra,LinkedIn
#Netflix,2026-09-02,Tamil Nadu,Instagram
#Bollywood,2026-09-05,Gujarat,Instagram
#Cricket,2026-09-01,Delhi,LinkedIn
#Startup,2026-09-04,Delhi,Instagram
#Cricket,2026-09-02,Maharashtra,Twitter
#BigData,2026-09-05,Delhi,Instagram
#Movies,2026-09-01,Delhi,Twitter
#Finance,2026-09-02,Tamil Nadu,LinkedIn
#IPL,2026-09-02,Karnataka,LinkedIn
#Technology,2026-09-02,Maharashtra,Twitter
#AI,2026-09-03,Karnataka,Instagram
#Technology,2026-09-02,Gujarat,Instagram
#Coding,2026-09-05,Karnataka,Facebook
#Movies,2026-09-04,Karnataka,Twitter
#IPL,2026-09-03,Karnataka,Twitter
#Coding,2026-09-04,Gujarat,Instagram
#Music,2026-09-01,Tamil Nadu,LinkedIn
#BigData,2026-09-01,Maharashtra,Facebook
#Startup,2026-09-03,Karnataka,Instagram
#BigData,2026-09-01,Tamil Nadu,Instagram
#Olympics,2026-09-04,Gujarat,Twitter
#StockMarket,2026-09-05,Maharashtra,LinkedIn
#Coding,2026-09-01,Maharashtra,LinkedIn
#Fitness,2026-09-02,Karnataka,Twitter
#Crypto,2026-09-02,Gujarat,Twitter
#Coding,2026-09-03,Gujarat,LinkedIn
#Football,2026-09-05,Maharashtra,LinkedIn
#AI,2026-09-02,Delhi,Instagram
#Cricket,2026-09-02,Gujarat,LinkedIn
#Hollywood,2026-09-04,Delhi,Instagram
#Cricket,2026-09-02,Gujarat,Facebook
#python,2026-09-04,Tamil Nadu,Twitter
#Football,2026-09-02,Maharashtra,LinkedIn
#Coding,2026-09-01,Tamil Nadu,Twitter
#MachineLearning,2026-09-03,Tamil Nadu,Instagram
,2026-09-02,Gujarat,Facebook
  #AI  ,2026-09-05,Tamil Nadu,Facebook
#Cricket,2026-09-01,Gujarat,LinkedIn
#Technology,2026-09-03,Tamil Nadu,Instagram
#Marketing,2026-09-05,Delhi,Twitter
#Startup,2026-09-03,Delhi,LinkedIn
#Cloud,2026-09-04,Tamil Nadu,Twitter
#Cricket,2026-09-01,Delhi,Facebook
#MachineLearning,2026-09-02,Maharashtra,Twitter
#Hollywood,2026-09-05,Gujarat,LinkedIn
#StockMarket,2026-09-03,Karnataka,Facebook
#Bollywood,2026-09-05,Delhi,Instagram
#Football,2026-09-05,Karnataka,LinkedIn
#BigData,2026-09-02,Delhi,Instagram
#ai,2026-09-04,Gujarat,Instagram
#Music,2026-09-04,Gujarat,Facebook
#Fashion,2026-09-02,Gujarat,Instagram
#Movies,2026-09-01,Delhi,Facebook
#Python,2026-09-01,Gujarat,Facebook
#Fitness,2026-09-05,Tamil Nadu,Twitter
#Technology,2026-09-03,Delhi,LinkedIn
#Travel,2026-09-01,Maharashtra,LinkedIn
#Coding,2026-09-05,Delhi,LinkedIn
#Music,2026-09-01,Tamil Nadu,Facebook
#Crypto,2026-09-03,Tamil Nadu,Twitter
#Crypto,2026-09-03,Delhi,Twitter
#Startup,2026-09-01,Delhi,LinkedIn
#Technology,2026-09-05,Tamil Nadu,LinkedIn
#Cricket,2026-09-03,Delhi,Twitter
#Cricket,2026-09-04,Maharashtra,Facebook
#Startup,2026-09-02,Tamil Nadu,Facebook
#IPL,2026-09-01,Maharashtra,Twitter
#AI,2026-09-04,Tamil Nadu,Instagram
#Finance,2026-09-05,Delhi,Facebook
#Cricket,2026-09-05,Maharashtra,Instagram
#Coding,2026-09-04,Tamil Nadu,Twitter
#ai,2026-09-05,Gujarat,Facebook
#AI,2026-09-01,Tamil Nadu,Facebook
  #Cloud  ,2026-09-03,Maharashtra,Facebook
#Startup,2026-09-03,Tamil Nadu,Facebook
#Cinema,2026-09-01,Delhi,Instagram
#Cricket,2026-09-01,Tamil Nadu,Twitter
#Python,2026-09-05,Delhi,Facebook
#CyberSecurity,2026-09-03,Tamil Nadu,Instagram
#Python,2026-09-05,Delhi,LinkedIn
#AI,2026-09-04,Gujarat,Twitter
#Cricket,2026-09-04,Karnataka,Instagram
#StockMarket,2026-09-04,Tamil Nadu,Facebook
#Art,2026-09-02,Tamil Nadu,Twitter
#Marketing,2026-09-04,Tamil Nadu,Instagram
#Travel,2026-09-04,Gujarat,LinkedIn
#Olympics,2026-09-04,Karnataka,Instagram
#Cricket,2026-09-05,Delhi,Facebook
#CyberSecurity,2026-09-03,Delhi,LinkedIn
#AI,2026-09-04,Gujarat,Facebook
#Technology,2026-09-03,Delhi,Instagram
#Music,2026-09-01,Delhi,Twitter
#MachineLearning,2026-09-04,Karnataka,LinkedIn
#Movies,2026-09-05,Maharashtra,LinkedIn
#Python,2026-09-02,Tamil Nadu,LinkedIn
#Coding,2026-09-05,Delhi,Instagram
#Cinema,2026-09-01,Tamil Nadu,LinkedIn
#StockMarket,2026-09-04,Delhi,Twitter
#Technology,2026-09-03,Karnataka,Twitter
#Crypto,2026-09-05,Karnataka,Facebook
#Cinema,2026-09-01,Gujarat,Instagram
#Bollywood,2026-09-01,Maharashtra,Instagram
#Startup,2026-09-04,Tamil Nadu,LinkedIn
#Crypto,2026-09-03,Delhi,Facebook
#Coding,2026-09-03,Gujarat,Twitter
#Football,2026-09-04,Maharashtra,Facebook
#MachineLearning,2026-09-01,Gujarat,Facebook
#Startup,2026-09-01,Maharashtra,LinkedIn
#Music,2026-09-03,Karnataka,LinkedIn
#MachineLearning,2026-09-02,Maharashtra,LinkedIn
#Bollywood,2026-09-04,Delhi,LinkedIn
#Cinema,2026-09-02,Maharashtra,Twitter
#AI,2026-09-02,Karnataka,LinkedIn
#Cricket,2026-09-01,Maharashtra,LinkedIn
#Foodie,2026-09-05,Karnataka,Instagram
#Music,2026-09-05,Karnataka,LinkedIn
#Technology,2026-09-04,Tamil Nadu,Twitter
#Hollywood,2026-09-02,Tamil Nadu,Facebook
#MachineLearning,2026-09-05,Delhi,Twitter
#Bollywood,2026-09-04,Delhi,Twitter
#Crypto,2026-09-01,Maharashtra,Facebook
#Cricket,2026-09-05,Tamil Nadu,Twitter
#BigData,2026-09-01,Tamil Nadu,Facebook
#Python,2026-09-05,Gujarat,LinkedIn
#Finance,2026-09-05,Delhi,LinkedIn
#Travel,2026-09-03,Delhi,Instagram
  #StockMarket  ,2026-09-03,Tamil Nadu,Facebook
#Finance,2026-09-05,Maharashtra,Twitter
#Startup,2026-09-05,Gujarat,Facebook
#Cricket,2026-09-05,Gujarat,Facebook
#BigData,2026-09-03,Delhi,Facebook
#ai,2026-09-05,Maharashtra,Instagram
#IPL,2026-09-02,Delhi,Instagram
#Travel,2026-09-05,Gujarat,Facebook
#Cricket,2026-09-05,Maharashtra,LinkedIn
#Music,2026-09-04,Maharashtra,LinkedIn
#Technology,2026-09-02,Tamil Nadu,Facebook
#Startup,2026-09-01,Gujarat,Instagram
#Finance,2026-09-03,Karnataka,Instagram
#CyberSecurity,2026-09-04,Karnataka,Facebook
#Coding,2026-09-01,Delhi,LinkedIn
#Python,2026-09-05,Gujarat,Twitter
#Olympics,2026-09-03,Karnataka,Facebook
#Startup,2026-09-01,Delhi,LinkedIn
#Cinema,2026-09-02,Tamil Nadu,Instagram
#Crypto,2026-09-02,Delhi,Twitter
#AI,2026-09-01,Karnataka,Twitter
#Crypto,2026-09-04,Delhi,Instagram
#Movies,2026-09-02,Gujarat,Twitter
#AI,2026-09-05,Maharashtra,Twitter
#Cricket,2026-09-01,Tamil Nadu,Instagram
#Cloud,2026-09-05,Maharashtra,Twitter
#Movies,2026-09-03,Karnataka,Twitter
#Startup,2026-09-04,Delhi,Facebook
#AI,2026-09-03,Gujarat,LinkedIn
#AI,2026-09-03,Delhi,Instagram
#Finance,2026-09-02,Tamil Nadu,LinkedIn
#Finance,2026-09-01,Maharashtra,LinkedIn
#Olympics,2026-09-01,Karnataka,Facebook
#AI,2026-09-01,Tamil Nadu,Facebook
#AI,2026-09-04,Maharashtra,Twitter
#Cinema,2026-09-04,Delhi,Instagram
#Music,2026-09-05,Gujarat,LinkedIn
#Music,2026-09-01,Tamil Nadu,Instagram
#movies,2026-09-04,Gujarat,Facebook
#Startup,2026-09-04,Gujarat,Twitter
#Python,2026-09-01,Karnataka,Facebook
#Technology,2026-09-05,Gujarat,LinkedIn
#Startup,2026-09-04,Gujarat,Facebook
#BigData,2026-09-04,Maharashtra,Instagram
  #AI  ,2026-09-05,Maharashtra,LinkedIn
#Foodie,2026-09-05,Delhi,LinkedIn
#Fashion,2026-09-04,Gujarat,Twitter
#Python,2026-09-01,Karnataka,Twitter
#Olympics,2026-09-05,Karnataka,Instagram
#Movies,2026-09-01,Gujarat,Instagram
#AI,2026-09-04,Tamil Nadu,Twitter
#Olympics,2026-09-02,Gujarat,Instagram
#Startup,2026-09-01,Karnataka,Instagram
#AI,2026-09-01,Gujarat,LinkedIn
#BigData,2026-09-02,Gujarat,Instagram
#Fashion,2026-09-04,Delhi,Twitter
#Bollywood,2026-09-05,Maharashtra,Facebook
#Travel,2026-09-02,Gujarat,Instagram
#Cricket,2026-09-03,Maharashtra,LinkedIn
#IPL,2026-09-05,Maharashtra,LinkedIn
#Bollywood,2026-09-01,Maharashtra,Twitter
#BigData,2026-09-05,Karnataka,Instagram
#python,2026-09-01,Gujarat,Twitter
#Cricket,2026-09-05,Delhi,LinkedIn
#Foodie,2026-09-04,Maharashtra,Instagram
#Startup,2026-09-05,Karnataka,LinkedIn
#Technology,2026-09-05,Gujarat,Instagram
#BigData,2026-09-01,Delhi,Facebook
#Bollywood,2026-09-02,Maharashtra,Twitter
#Cricket,2026-09-05,Delhi,Instagram
#BigData,2026-09-02,Delhi,Twitter
#Travel,2026-09-02,Karnataka,LinkedIn
#Cinema,2026-09-01,Gujarat,Facebook
#Coding,2026-09-03,Delhi,LinkedIn
,2026-09-01,Tamil Nadu,Instagram
#AI,2026-09-04,Tamil Nadu,Twitter
#Movies,2026-09-04,Tamil Nadu,Facebook
#Marketing,2026-09-03,Maharashtra,Twitter
#Cricket,2026-09-02,Karnataka,Instagram
#Movies,2026-09-01,Karnataka,LinkedIn
#Coding,2026-09-02,Maharashtra,LinkedIn
#IPL,2026-09-02,Karnataka,Instagram
#Startup,2026-09-02,Delhi,Instagram
  #Bollywood  ,2026-09-01,Delhi,Instagram
#Finance,2026-09-04,Karnataka,Instagram
#Movies,2026-09-03,Tamil Nadu,Instagram
#Olympics,2026-09-05,Maharashtra,Instagram
#Football,2026-09-04,Maharashtra,LinkedIn
#Startup,2026-09-01,Karnataka,Instagram
#Coding,2026-09-05,Maharashtra,Instagram
#AI,2026-09-04,Gujarat,Twitter
#Hollywood,2026-09-05,Gujarat,LinkedIn
#Finance,2026-09-01,Karnataka,LinkedIn
#Bollywood,2026-09-01,Karnataka,Instagram
#Startup,2026-09-02,Gujarat,Twitter
#Startup,2026-09-02,Karnataka,Twitter
#Finance,2026-09-02,Karnataka,Instagram
#IPL,2026-09-04,Gujarat,Twitter
#Crypto,2026-09-03,Tamil Nadu,Twitter
#Marketing,2026-09-03,Tamil Nadu,Instagram
#Cricket,2026-09-05,Delhi,Twitter
#Cinema,2026-09-03,Gujarat,Twitter
#Finance,2026-09-05,Gujarat,Facebook
#Olympics,2026-09-05,Gujarat,Instagram
#Python,2026-09-02,Tamil Nadu,Twitter
#Hollywood,2026-09-05,Maharashtra,Instagram
#Startup,2026-09-05,Karnataka,Facebook
#IPL,2026-09-03,Karnataka,LinkedIn
#Cricket,2026-09-04,Tamil Nadu,Facebook
#IPL,2026-09-01,Maharashtra,LinkedIn
#Music,2026-09-02,Delhi,Twitter
#Startup,2026-09-01,Maharashtra,LinkedIn
#Technology,2026-09-05,Gujarat,Facebook
#Crypto,2026-09-05,Maharashtra,LinkedIn
#Coding,2026-09-01,Delhi,Instagram
#Travel,2026-09-02,Tamil Nadu,Facebook
#Python,2026-09-03,Karnataka,LinkedIn
#Bollywood,2026-09-02,Delhi,Instagram
#Movies,2026-09-04,Delhi,Facebook
#AI,2026-09-02,Delhi,Facebook
#Technology,2026-09-05,Maharashtra,Facebook
#Technology,2026-09-02,Maharashtra,Instagram
#Python,2026-09-05,Maharashtra,LinkedIn
#Technology,2026-09-02,Tamil Nadu,Twitter
#Python,2026-09-02,Delhi,LinkedIn
#Technology,2026-09-05,Delhi,Twitter
#Music,2026-09-04,Maharashtra,LinkedIn
#Technology,2026-09-01,Tamil Nadu,Facebook
#Startup,2026-09-04,Delhi,Instagram
#Hollywood,2026-09-04,Delhi,Twitter
#AI,2026-09-02,Tamil Nadu,Twitter
#Music,2026-09-05,Maharashtra,LinkedIn
#Python,2026-09-01,Tamil Nadu,Instagram
#Movies,2026-09-03,Maharashtra,Twitter
#Coding,2026-09-01,Tamil Nadu,LinkedIn
#Python,2026-09-05,Tamil Nadu,Twitter
#IPL,2026-09-04,Maharashtra,LinkedIn
#IPL,2026-09-01,Delhi,Facebook
#Coding,2026-09-05,Gujarat,Instagram
#Coding,2026-09-04,Karnataka,Facebook
#Hollywood,2026-09-04,Karnataka,Instagram
#StockMarket,2026-09-01,Maharashtra,Instagram
#MachineLearning,2026-09-03,Gujarat,LinkedIn
#Music,2026-09-03,Karnataka,Instagram
#CyberSecurity,2026-09-05,Maharashtra,Instagram
#IPL,2026-09-03,Tamil Nadu,LinkedIn
,2026-09-03,Tamil Nadu,Facebook
#Hollywood,2026-09-04,Maharashtra,Twitter
#Technology,2026-09-03,Delhi,LinkedIn
#Cinema,2026-09-03,Karnataka,Instagram
#Crypto,2026-09-02,Gujarat,Twitter
#Football,2026-09-01,Tamil Nadu,Facebook
#Bollywood,2026-09-04,Delhi,LinkedIn
#Art,2026-09-01,Delhi,Twitter
#Technology,2026-09-05,Gujarat,Instagram
#Crypto,2026-09-02,Delhi,Instagram
#IPL,2026-09-04,Delhi,Twitter
#MachineLearning,2026-09-01,Tamil Nadu,Instagram
#Technology,2026-09-01,Tamil Nadu,Instagram
#Python,2026-09-03,Delhi,Facebook
#Bollywood,2026-09-03,Maharashtra,Twitter
#Startup,2026-09-03,Karnataka,LinkedIn
#Technology,2026-09-01,Maharashtra,Instagram
#Technology,2026-09-05,Tamil Nadu,Twitter
#AI,2026-09-01,Maharashtra,Twitter
#Python,2026-09-03,Maharashtra,LinkedIn
#StockMarket,2026-09-05,Delhi,Instagram
#AI,2026-09-01,Maharashtra,Instagram
#Cricket,2026-09-02,Delhi,Instagram
#Cricket,2026-09-04,Gujarat,Twitter
#python,2026-09-04,Gujarat,Instagram
#Travel,2026-09-05,Tamil Nadu,Twitter
#Movies,2026-09-01,Gujarat,Facebook
#Marketing,2026-09-01,Gujarat,Instagram
#Technology,2026-09-02,Delhi,Twitter
#Marketing,2026-09-03,Tamil Nadu,Facebook
#Football,2026-09-05,Maharashtra,Twitter
#Bollywood,2026-09-01,Tamil Nadu,Instagram
#Startup,2026-09-02,Tamil Nadu,Twitter
#Cricket,2026-09-02,Tamil Nadu,LinkedIn
#StockMarket,2026-09-02,Karnataka,Twitter
#IPL,2026-09-04,Karnataka,Instagram
#Music,2026-09-01,Delhi,Twitter
#Football,2026-09-02,Karnataka,Facebook
#Bollywood,2026-09-01,Gujarat,Facebook
#IPL,2026-09-03,Karnataka,Facebook
#Coding,2026-09-02,Tamil Nadu,LinkedIn
#Coding,2026-09-02,Gujarat,LinkedIn
#IPL,2026-09-02,Gujarat,LinkedIn
#Music,2026-09-04,Tamil Nadu,Twitter
#Music,2026-09-04,Tamil Nadu,Twitter
#Technology,2026-09-01,Delhi,Instagram
#StockMarket,2026-09-04,Gujarat,Instagram
#Fitness,2026-09-04,Delhi,Facebook
#Travel,2026-09-04,Delhi,LinkedIn
#Music,2026-09-04,Tamil Nadu,Facebook
#Coding,2026-09-01,Gujarat,Facebook
#Movies,2026-09-02,Gujarat,Twitter
#AI,2026-09-04,Gujarat,Instagram
#Crypto,2026-09-03,Maharashtra,Facebook
#Cricket,2026-09-01,Tamil Nadu,LinkedIn
#Technology,2026-09-03,Karnataka,LinkedIn
#MachineLearning,2026-09-03,Tamil Nadu,Twitter
#AI,2026-09-04,Gujarat,LinkedIn
#IPL,2026-09-04,Karnataka,Twitter
  #Bollywood  ,2026-09-03,Maharashtra,LinkedIn
#Python,2026-09-04,Karnataka,Twitter
#Finance,2026-09-05,Tamil Nadu,LinkedIn
#Technology,2026-09-05,Gujarat,LinkedIn
#StockMarket,2026-09-04,Tamil Nadu,Facebook
#Startup,2026-09-03,Gujarat,Twitter
#Cricket,2026-09-03,Delhi,Twitter
#BigData,2026-09-03,Karnataka,Twitter
#IPL,2026-09-04,Delhi,Twitter
#Movies,2026-09-02,Delhi,Twitter
#AI,2026-09-03,Gujarat,Facebook
#MachineLearning,2026-09-03,Gujarat,LinkedIn
#Music,2026-09-05,Tamil Nadu,LinkedIn
#CyberSecurity,2026-09-04,Tamil Nadu,Twitter
#IPL,2026-09-05,Karnataka,Facebook
#Fashion,2026-09-04,Gujarat,Instagram
#Football,2026-09-03,Maharashtra,Facebook
#Coding,2026-09-02,Karnataka,Twitter
#MachineLearning,2026-09-02,Delhi,Facebook
,2026-09-05,Karnataka,Instagram
#Cricket,2026-09-05,Gujarat,Facebook
#Bollywood,2026-09-05,Karnataka,LinkedIn
#Travel,2026-09-01,Delhi,Facebook
#MachineLearning,2026-09-03,Maharashtra,LinkedIn
#BigData,2026-09-05,Karnataka,Instagram
#BigData,2026-09-05,Maharashtra,LinkedIn
#Marketing,2026-09-04,Delhi,LinkedIn
